---
layout: post
title: "Mengurutkan data menggunakan Order By di PostgreSQL"
date: 2018-11-10T10:49:24+07:00
lang: psql
categories:
- RDBMS
- PostgreSQL
refs: []
youtube: https://www.youtube.com/watch?v=QE2zTT9X4Gk&list=PLV1-tdmPblvypZXSk2GC932nludT345xk&index=9
comments: true
---

Pengurutan data ini bagian yang bisa dibilang penting juga, karena di database itu bisa ada ribuan bahkan jutaan yang klo di `select` urutannya tidak tentu, jadi terkadang kita harus mengurutkan misalnya dari `a - z`, `1 - 100`, berdasarkan tanggal dan lain-lain. Dengan perintah `order by` kita bisa dengan mudah mengimplementasikan pengurutan ini.

Order by biasanya di letakan setelah perintah `select` atau `where` seperti berikut contohnya:

```sql
-- simple sql
select ... from ... order by columns... [asc | desc]

-- complex sql with where
select ... from ... where ... order by columns... [asc | desc]
```

Untuk pengurutan ini ada 2 jenis yaitu 

1. `asc` atau ascending, dimulai dari yang terkecil ke besar
2. `desc` atau descending, sebaliknya

Contoh kasusnya saya mau menampilkan data karyawan berdasarkan gaji yang terbesar terlebih dahulu, berarti kita menggunakan `desc` berikut querynya:

{% highlight sql linenos %}
select
    employee_id as kode,
    first_name as nama_depan,
    salary as gaji
from employees
order by salary desc;
{% endhighlight %}

Berikut hasilnya:

```postgresql-console
 kode | nama_depan  |   gaji   
------+-------------+----------
  100 | Steven      | 24000.00
  101 | Neena       | 17000.00
  102 | Lex         | 17000.00
  145 | John        | 14000.00
  146 | Karen       | 13500.00
  201 | Michael     | 13000.00
  205 | Shelley     | 12000.00
  147 | Alberto     | 12000.00
  108 | Nancy       | 12000.00
  168 | Lisa        | 11500.00
  148 | Gerald      | 11000.00
  174 | Ellen       | 11000.00
  114 | Den         | 11000.00
  149 | Eleni       | 10500.00
  162 | Clara       | 10500.00
  169 | Harrison    | 10000.00
  204 | Hermann     | 10000.00
  150 | Peter       | 10000.00
  156 | Janette     | 10000.00
  170 | Tayler      |  9600.00
(107 rows)
```

Selain itu juga kita bisa mengurutkan lebih dari 1 kolom, contohnya diurutkan berdasarkan nama depan dan salary. Berikut querynya:


{% highlight sql linenos %}
select
    employee_id as kode,
    first_name as nama_depan,
    salary as gaji
from employees
order by (first_name, salary) asc;
{% endhighlight %}

berikut hasilnya:

```postgresql-console
 kode | nama_depan  |   gaji   
------+-------------+----------
  121 | Adam        |  8200.00
  196 | Alana       |  3100.00
  147 | Alberto     | 12000.00
  115 | Alexander   |  3100.00
  103 | Alexander   |  9000.00
  185 | Alexis      |  4100.00
  158 | Allan       |  9000.00
  175 | Alyssa      |  8800.00
  167 | Amit        |  6200.00
  187 | Anthony     |  3000.00
  193 | Britney     |  3900.00
  104 | Bruce       |  6000.00
  179 | Charles     |  6200.00
  153 | Christopher |  8000.00
  162 | Clara       | 10500.00
  142 | Curtis      |  3100.00
  109 | Daniel      |  9000.00
  163 | Danielle    |  9500.00
  105 | David       |  4800.00
  165 | David       |  6800.00
  151 | David       |  9500.00
(107 rows)
```