---
layout: post
title: "Klausa distinct pada SQL"
date: 2018-11-08T21:45:31+07:00
lang: psql
categories:
- RDBMS
- PostgreSQL
refs: []
youtube: 
comments: true
---

Klause `distinct` digunakan untuk meng-eliminasi atau menghilankan nilai yang duplikat atau sama dalam suatu baris, contoh kasusnya Saya mau memangil data dari table `employees` untuk menampilkan kolom `employee_id` dan `job_id` berikut querynya:

{% highlight sql linenos %}
select 
    employee_id,
    first_name,
    commision_pct,
    salary,
    job_id
from employees;
{% endhighlight %}

Berikut adalah hasilnya:

![query select]({{site.baseurl}}/resources/posts/psql-distinct/data-duplicate.png)

Klo ada perhatikan dari hasil query diatas, pada kolom `job_id` terdapat nilai yang duplicate atau istilah database redudancy. **Sebenarnya tidak ada masalah pada query tersebut** tpi klo kasusnya saya mau mengambil data semua `job_id` yang terdaftar pada tabel `employees`, bagaimana cara ambil datanya? Jika menggunakan perintah berikut:


```postgresql-console
hr=# select job_id from employees;
   job_id   
------------
 AD_PRES
 AD_VP
 AD_VP
 IT_PROG
 IT_PROG
 IT_PROG
 FI_MGR
 FI_ACCOUNT
 FI_ACCOUNT
 PU_CLERK
...
(107 rows)
```
Dari hasil query yang didapatkan udah benar tetapi data yang tampilkan tidak unique. kurang lebih ada `(107 rows)` sedangkan data master `jobs` jumlahnya tidak melibihi itu. Nah sekarang jika kita menggunakan klausa `distinct` seperti berikut:

{% highlight sql linenos %}
select 
   distinct job_id
from employees;
{% endhighlight %}

Berikut hasilnya:

```postgresql-console
   job_id   
------------
 SH_CLERK
 AD_VP
 SA_MAN
 PU_MAN
 IT_PROG
 ST_CLERK
 FI_MGR
 PU_CLERK
 HR_REP
 ST_MAN
 MK_MAN
 AC_MGR
 SA_REP
 AD_ASST
 PR_REP
 MK_REP
 AD_PRES
 FI_ACCOUNT
 AC_ACCOUNT
(19 rows)
```

Jadi kesimpulannya adalah dengan menggunakan klausa `distinct` ini kita bisa meng-eleminasi data yang redudansi. Nilai distinct ini juga bisa digunakan untuk multple column berikut contoh penggunaan

{% highlight sql linenos %}
select 
   distinct (job_id, salary) as job_by_salary,
    job_id,
    salary
from employees;
{% endhighlight %}

Berikut hasilnya:

```postgresql-console
    job_by_salary     |   job_id   |  salary  
----------------------+------------+----------
 (AC_ACCOUNT,8300.00) | AC_ACCOUNT |  8300.00
 (AC_MGR,12000.00)    | AC_MGR     | 12000.00
 (AD_ASST,4400.00)    | AD_ASST    |  4400.00
 (AD_PRES,24000.00)   | AD_PRES    | 24000.00
 (AD_VP,17000.00)     | AD_VP      | 17000.00
 (FI_ACCOUNT,6900.00) | FI_ACCOUNT |  6900.00
 (FI_ACCOUNT,7700.00) | FI_ACCOUNT |  7700.00
 (FI_ACCOUNT,7800.00) | FI_ACCOUNT |  7800.00
 (FI_ACCOUNT,8200.00) | FI_ACCOUNT |  8200.00
 (FI_ACCOUNT,9000.00) | FI_ACCOUNT |  9000.00
 (FI_MGR,12000.00)    | FI_MGR     | 12000.00
 (HR_REP,6500.00)     | HR_REP     |  6500.00
 (IT_PROG,4200.00)    | IT_PROG    |  4200.00
 (IT_PROG,4800.00)    | IT_PROG    |  4800.00
 (IT_PROG,6000.00)    | IT_PROG    |  6000.00
 (IT_PROG,9000.00)    | IT_PROG    |  9000.00
 ...
 (82 rows)
```


